source,indicator_code,series_name,category,reference_date,published_at,collected_at,value,unit,frequency,currency,market_scope,source_url,metadata
cbsl,eur_lkr_tt_sell,EUR/LKR TT Sell Exchange Rate,exchange_rate,2026-03-16,,2026-03-30T21:41:55.540925+00:00,362.3511,LKR per EUR,business_daily,EUR,Sri Lanka licensed bank TT average at 9:30 AM,https://www.cbsl.gov.lk/en/rates-and-indicators/exchange-rates/daily-buy-and-sell-exchange-rates,"{""latest_group"": ""cbsl_fx"", ""rate_family"": ""telegraphic_transfer""}"
cbsl,eur_lkr_tt_sell,EUR/LKR TT Sell Exchange Rate,exchange_rate,2026-03-17,,2026-03-31T21:39:24.339520+00:00,363.9632,LKR per EUR,business_daily,EUR,Sri Lanka licensed bank TT average at 9:30 AM,https://www.cbsl.gov.lk/en/rates-and-indicators/exchange-rates/daily-buy-and-sell-exchange-rates,"{""latest_group"": ""cbsl_fx"", ""rate_family"": ""telegraphic_transfer""}"
cbsl,eur_lkr_tt_sell,EUR/LKR TT Sell Exchange Rate,exchange_rate,2026-03-18,,2026-04-01T21:41:47.710797+00:00,364.8583,LKR per EUR,business_daily,EUR,Sri Lanka licensed bank TT average at 9:30 AM,https://www.cbsl.gov.lk/en/rates-and-indicators/exchange-rates/daily-buy-and-sell-exchange-rates,"{""latest_group"": ""cbsl_fx"", ""rate_family"": ""telegraphic_transfer""}"
cbsl,eur_lkr_tt_sell,EUR/LKR TT Sell Exchange Rate,exchange_rate,2026-03-19,,2026-04-02T21:38:20.272192+00:00,363.3203,LKR per EUR,business_daily,EUR,Sri Lanka licensed bank TT average at 9:30 AM,https://www.cbsl.gov.lk/en/rates-and-indicators/exchange-rates/daily-buy-and-sell-exchange-rates,"{""latest_group"": ""cbsl_fx"", ""rate_family"": ""telegraphic_transfer""}"
cbsl,eur_lkr_tt_sell,EUR/LKR TT Sell Exchange Rate,exchange_rate,2026-03-20,,2026-04-03T21:34:06.290708+00:00,366.1559,LKR per EUR,business_daily,EUR,Sri Lanka licensed bank TT average at 9:30 AM,https://www.cbsl.gov.lk/en/rates-and-indicators/exchange-rates/daily-buy-and-sell-exchange-rates,"{""latest_group"": ""cbsl_fx"", ""rate_family"": ""telegraphic_transfer""}"
cbsl,eur_lkr_tt_sell,EUR/LKR TT Sell Exchange Rate,exchange_rate,2026-03-23,,2026-04-06T21:38:11.523186+00:00,366.4905,LKR per EUR,business_daily,EUR,Sri Lanka licensed bank TT average at 9:30 AM,https://www.cbsl.gov.lk/en/rates-and-indicators/exchange-rates/daily-buy-and-sell-exchange-rates,"{""latest_group"": ""cbsl_fx"", ""rate_family"": ""telegraphic_transfer""}"
cbsl,eur_lkr_tt_sell,EUR/LKR TT Sell Exchange Rate,exchange_rate,2026-03-24,,2026-04-07T21:44:58.811064+00:00,369.3739,LKR per EUR,business_daily,EUR,Sri Lanka licensed bank TT average at 9:30 AM,https://www.cbsl.gov.lk/en/rates-and-indicators/exchange-rates/daily-buy-and-sell-exchange-rates,"{""latest_group"": ""cbsl_fx"", ""rate_family"": ""telegraphic_transfer""}"
cbsl,eur_lkr_tt_sell,EUR/LKR TT Sell Exchange Rate,exchange_rate,2026-03-25,,2026-04-08T21:41:23.241647+00:00,369.8404,LKR per EUR,business_daily,EUR,Sri Lanka licensed bank TT average at 9:30 AM,https://www.cbsl.gov.lk/en/rates-and-indicators/exchange-rates/daily-buy-and-sell-exchange-rates,"{""latest_group"": ""cbsl_fx"", ""rate_family"": ""telegraphic_transfer""}"
cbsl,eur_lkr_tt_sell,EUR/LKR TT Sell Exchange Rate,exchange_rate,2026-03-26,,2026-04-09T21:45:41.566202+00:00,369.0119,LKR per EUR,business_daily,EUR,Sri Lanka licensed bank TT average at 9:30 AM,https://www.cbsl.gov.lk/en/rates-and-indicators/exchange-rates/daily-buy-and-sell-exchange-rates,"{""latest_group"": ""cbsl_fx"", ""rate_family"": ""telegraphic_transfer""}"
cbsl,eur_lkr_tt_sell,EUR/LKR TT Sell Exchange Rate,exchange_rate,2026-03-27,,2026-04-10T21:37:45.921083+00:00,368.6741,LKR per EUR,business_daily,EUR,Sri Lanka licensed bank TT average at 9:30 AM,https://www.cbsl.gov.lk/en/rates-and-indicators/exchange-rates/daily-buy-and-sell-exchange-rates,"{""latest_group"": ""cbsl_fx"", ""rate_family"": ""telegraphic_transfer""}"
cbsl,eur_lkr_tt_sell,EUR/LKR TT Sell Exchange Rate,exchange_rate,2026-03-30,,2026-04-13T21:50:59.178237+00:00,368.4362,LKR per EUR,business_daily,EUR,Sri Lanka licensed bank TT average at 9:30 AM,https://www.cbsl.gov.lk/en/rates-and-indicators/exchange-rates/daily-buy-and-sell-exchange-rates,"{""latest_group"": ""cbsl_fx"", ""rate_family"": ""telegraphic_transfer""}"
cbsl,eur_lkr_tt_sell,EUR/LKR TT Sell Exchange Rate,exchange_rate,2026-03-31,,2026-04-14T21:52:49.576347+00:00,367.7774,LKR per EUR,business_daily,EUR,Sri Lanka licensed bank TT average at 9:30 AM,https://www.cbsl.gov.lk/en/rates-and-indicators/exchange-rates/daily-buy-and-sell-exchange-rates,"{""latest_group"": ""cbsl_fx"", ""rate_family"": ""telegraphic_transfer""}"
cbsl,eur_lkr_tt_sell,EUR/LKR TT Sell Exchange Rate,exchange_rate,2026-04-02,,2026-04-16T21:42:44.424597+00:00,370.2514,LKR per EUR,business_daily,EUR,Sri Lanka licensed bank TT average at 9:30 AM,https://www.cbsl.gov.lk/en/rates-and-indicators/exchange-rates/daily-buy-and-sell-exchange-rates,"{""latest_group"": ""cbsl_fx"", ""rate_family"": ""telegraphic_transfer""}"
cbsl,eur_lkr_tt_sell,EUR/LKR TT Sell Exchange Rate,exchange_rate,2026-04-06,,2026-04-20T21:47:51.996381+00:00,369.2754,LKR per EUR,business_daily,EUR,Sri Lanka licensed bank TT average at 9:30 AM,https://www.cbsl.gov.lk/en/rates-and-indicators/exchange-rates/daily-buy-and-sell-exchange-rates,"{""latest_group"": ""cbsl_fx"", ""rate_family"": ""telegraphic_transfer""}"
cbsl,eur_lkr_tt_sell,EUR/LKR TT Sell Exchange Rate,exchange_rate,2026-04-07,,2026-04-21T21:45:59.640736+00:00,369.5731,LKR per EUR,business_daily,EUR,Sri Lanka licensed bank TT average at 9:30 AM,https://www.cbsl.gov.lk/en/rates-and-indicators/exchange-rates/daily-buy-and-sell-exchange-rates,"{""latest_group"": ""cbsl_fx"", ""rate_family"": ""telegraphic_transfer""}"
cbsl,eur_lkr_tt_sell,EUR/LKR TT Sell Exchange Rate,exchange_rate,2026-04-08,,2026-04-22T21:51:49.316820+00:00,373.8355,LKR per EUR,business_daily,EUR,Sri Lanka licensed bank TT average at 9:30 AM,https://www.cbsl.gov.lk/en/rates-and-indicators/exchange-rates/daily-buy-and-sell-exchange-rates,"{""latest_group"": ""cbsl_fx"", ""rate_family"": ""telegraphic_transfer""}"
cbsl,eur_lkr_tt_sell,EUR/LKR TT Sell Exchange Rate,exchange_rate,2026-04-09,,2026-04-23T21:45:58.290777+00:00,373.7006,LKR per EUR,business_daily,EUR,Sri Lanka licensed bank TT average at 9:30 AM,https://www.cbsl.gov.lk/en/rates-and-indicators/exchange-rates/daily-buy-and-sell-exchange-rates,"{""latest_group"": ""cbsl_fx"", ""rate_family"": ""telegraphic_transfer""}"
cbsl,eur_lkr_tt_sell,EUR/LKR TT Sell Exchange Rate,exchange_rate,2026-04-10,,2026-04-24T21:47:46.212955+00:00,374.7881,LKR per EUR,business_daily,EUR,Sri Lanka licensed bank TT average at 9:30 AM,https://www.cbsl.gov.lk/en/rates-and-indicators/exchange-rates/daily-buy-and-sell-exchange-rates,"{""latest_group"": ""cbsl_fx"", ""rate_family"": ""telegraphic_transfer""}"
cbsl,eur_lkr_tt_sell,EUR/LKR TT Sell Exchange Rate,exchange_rate,2026-04-15,,2026-04-29T21:58:42.381751+00:00,377.7863,LKR per EUR,business_daily,EUR,Sri Lanka licensed bank TT average at 9:30 AM,https://www.cbsl.gov.lk/en/rates-and-indicators/exchange-rates/daily-buy-and-sell-exchange-rates,"{""latest_group"": ""cbsl_fx"", ""rate_family"": ""telegraphic_transfer""}"
cbsl,eur_lkr_tt_sell,EUR/LKR TT Sell Exchange Rate,exchange_rate,2026-04-16,,2026-04-30T21:56:01.545335+00:00,378.6027,LKR per EUR,business_daily,EUR,Sri Lanka licensed bank TT average at 9:30 AM,https://www.cbsl.gov.lk/en/rates-and-indicators/exchange-rates/daily-buy-and-sell-exchange-rates,"{""latest_group"": ""cbsl_fx"", ""rate_family"": ""telegraphic_transfer""}"
cbsl,eur_lkr_tt_sell,EUR/LKR TT Sell Exchange Rate,exchange_rate,2026-04-17,,2026-05-01T21:53:11.866527+00:00,377.9689,LKR per EUR,business_daily,EUR,Sri Lanka licensed bank TT average at 9:30 AM,https://www.cbsl.gov.lk/en/rates-and-indicators/exchange-rates/daily-buy-and-sell-exchange-rates,"{""latest_group"": ""cbsl_fx"", ""rate_family"": ""telegraphic_transfer""}"
cbsl,eur_lkr_tt_sell,EUR/LKR TT Sell Exchange Rate,exchange_rate,2026-04-20,,2026-05-04T22:00:53.833875+00:00,378.2114,LKR per EUR,business_daily,EUR,Sri Lanka licensed bank TT average at 9:30 AM,https://www.cbsl.gov.lk/en/rates-and-indicators/exchange-rates/daily-buy-and-sell-exchange-rates,"{""latest_group"": ""cbsl_fx"", ""rate_family"": ""telegraphic_transfer""}"
cbsl,eur_lkr_tt_sell,EUR/LKR TT Sell Exchange Rate,exchange_rate,2026-04-21,,2026-05-05T22:01:01.555588+00:00,378.7850,LKR per EUR,business_daily,EUR,Sri Lanka licensed bank TT average at 9:30 AM,https://www.cbsl.gov.lk/en/rates-and-indicators/exchange-rates/daily-buy-and-sell-exchange-rates,"{""latest_group"": ""cbsl_fx"", ""rate_family"": ""telegraphic_transfer""}"
cbsl,eur_lkr_tt_sell,EUR/LKR TT Sell Exchange Rate,exchange_rate,2026-04-22,,2026-05-06T21:57:33.415313+00:00,377.8838,LKR per EUR,business_daily,EUR,Sri Lanka licensed bank TT average at 9:30 AM,https://www.cbsl.gov.lk/en/rates-and-indicators/exchange-rates/daily-buy-and-sell-exchange-rates,"{""latest_group"": ""cbsl_fx"", ""rate_family"": ""telegraphic_transfer""}"
cbsl,eur_lkr_tt_sell,EUR/LKR TT Sell Exchange Rate,exchange_rate,2026-04-23,,2026-05-07T21:58:14.512773+00:00,377.3171,LKR per EUR,business_daily,EUR,Sri Lanka licensed bank TT average at 9:30 AM,https://www.cbsl.gov.lk/en/rates-and-indicators/exchange-rates/daily-buy-and-sell-exchange-rates,"{""latest_group"": ""cbsl_fx"", ""rate_family"": ""telegraphic_transfer""}"
cbsl,eur_lkr_tt_sell,EUR/LKR TT Sell Exchange Rate,exchange_rate,2026-04-24,,2026-05-08T21:58:56.901647+00:00,377.2336,LKR per EUR,business_daily,EUR,Sri Lanka licensed bank TT average at 9:30 AM,https://www.cbsl.gov.lk/en/rates-and-indicators/exchange-rates/daily-buy-and-sell-exchange-rates,"{""latest_group"": ""cbsl_fx"", ""rate_family"": ""telegraphic_transfer""}"
cbsl,eur_lkr_tt_sell,EUR/LKR TT Sell Exchange Rate,exchange_rate,2026-04-27,,2026-05-11T22:07:38.325157+00:00,379.2523,LKR per EUR,business_daily,EUR,Sri Lanka licensed bank TT average at 9:30 AM,https://www.cbsl.gov.lk/en/rates-and-indicators/exchange-rates/daily-buy-and-sell-exchange-rates,"{""latest_group"": ""cbsl_fx"", ""rate_family"": ""telegraphic_transfer""}"
cbsl,eur_lkr_tt_sell,EUR/LKR TT Sell Exchange Rate,exchange_rate,2026-04-28,,2026-05-12T22:11:38.215775+00:00,379.3357,LKR per EUR,business_daily,EUR,Sri Lanka licensed bank TT average at 9:30 AM,https://www.cbsl.gov.lk/en/rates-and-indicators/exchange-rates/daily-buy-and-sell-exchange-rates,"{""latest_group"": ""cbsl_fx"", ""rate_family"": ""telegraphic_transfer""}"
cbsl,eur_lkr_tt_sell,EUR/LKR TT Sell Exchange Rate,exchange_rate,2026-04-29,,2026-05-13T22:12:14.854277+00:00,379.9765,LKR per EUR,business_daily,EUR,Sri Lanka licensed bank TT average at 9:30 AM,https://www.cbsl.gov.lk/en/rates-and-indicators/exchange-rates/daily-buy-and-sell-exchange-rates,"{""latest_group"": ""cbsl_fx"", ""rate_family"": ""telegraphic_transfer""}"
cbsl,eur_lkr_tt_sell,EUR/LKR TT Sell Exchange Rate,exchange_rate,2026-04-30,,2026-05-14T22:11:49.898735+00:00,379.1375,LKR per EUR,business_daily,EUR,Sri Lanka licensed bank TT average at 9:30 AM,https://www.cbsl.gov.lk/en/rates-and-indicators/exchange-rates/daily-buy-and-sell-exchange-rates,"{""latest_group"": ""cbsl_fx"", ""rate_family"": ""telegraphic_transfer""}"
cbsl,eur_lkr_tt_sell,EUR/LKR TT Sell Exchange Rate,exchange_rate,2026-05-04,,2026-05-18T22:02:54.486583+00:00,380.8140,LKR per EUR,business_daily,EUR,Sri Lanka licensed bank TT average at 9:30 AM,https://www.cbsl.gov.lk/en/rates-and-indicators/exchange-rates/daily-buy-and-sell-exchange-rates,"{""latest_group"": ""cbsl_fx"", ""rate_family"": ""telegraphic_transfer""}"
cbsl,eur_lkr_tt_sell,EUR/LKR TT Sell Exchange Rate,exchange_rate,2026-05-05,,2026-05-19T22:16:42.624098+00:00,379.7670,LKR per EUR,business_daily,EUR,Sri Lanka licensed bank TT average at 9:30 AM,https://www.cbsl.gov.lk/en/rates-and-indicators/exchange-rates/daily-buy-and-sell-exchange-rates,"{""latest_group"": ""cbsl_fx"", ""rate_family"": ""telegraphic_transfer""}"
cbsl,eur_lkr_tt_sell,EUR/LKR TT Sell Exchange Rate,exchange_rate,2026-05-06,,2026-05-20T09:34:34.482481+00:00,381.1748,LKR per EUR,business_daily,EUR,Sri Lanka licensed bank TT average at 9:30 AM,https://www.cbsl.gov.lk/en/rates-and-indicators/exchange-rates/daily-buy-and-sell-exchange-rates,"{""latest_group"": ""cbsl_fx"", ""rate_family"": ""telegraphic_transfer""}"
cbsl,eur_lkr_tt_sell,EUR/LKR TT Sell Exchange Rate,exchange_rate,2026-05-07,,2026-05-20T09:34:34.482481+00:00,383.3117,LKR per EUR,business_daily,EUR,Sri Lanka licensed bank TT average at 9:30 AM,https://www.cbsl.gov.lk/en/rates-and-indicators/exchange-rates/daily-buy-and-sell-exchange-rates,"{""latest_group"": ""cbsl_fx"", ""rate_family"": ""telegraphic_transfer""}"
cbsl,eur_lkr_tt_sell,EUR/LKR TT Sell Exchange Rate,exchange_rate,2026-05-08,,2026-05-20T09:34:34.482481+00:00,383.3312,LKR per EUR,business_daily,EUR,Sri Lanka licensed bank TT average at 9:30 AM,https://www.cbsl.gov.lk/en/rates-and-indicators/exchange-rates/daily-buy-and-sell-exchange-rates,"{""latest_group"": ""cbsl_fx"", ""rate_family"": ""telegraphic_transfer""}"
cbsl,eur_lkr_tt_sell,EUR/LKR TT Sell Exchange Rate,exchange_rate,2026-05-11,,2026-05-20T09:34:34.482481+00:00,384.4526,LKR per EUR,business_daily,EUR,Sri Lanka licensed bank TT average at 9:30 AM,https://www.cbsl.gov.lk/en/rates-and-indicators/exchange-rates/daily-buy-and-sell-exchange-rates,"{""latest_group"": ""cbsl_fx"", ""rate_family"": ""telegraphic_transfer""}"
cbsl,eur_lkr_tt_sell,EUR/LKR TT Sell Exchange Rate,exchange_rate,2026-05-12,,2026-05-20T09:34:34.482481+00:00,384.9878,LKR per EUR,business_daily,EUR,Sri Lanka licensed bank TT average at 9:30 AM,https://www.cbsl.gov.lk/en/rates-and-indicators/exchange-rates/daily-buy-and-sell-exchange-rates,"{""latest_group"": ""cbsl_fx"", ""rate_family"": ""telegraphic_transfer""}"
cbsl,eur_lkr_tt_sell,EUR/LKR TT Sell Exchange Rate,exchange_rate,2026-05-13,,2026-05-20T09:34:34.482481+00:00,385.6245,LKR per EUR,business_daily,EUR,Sri Lanka licensed bank TT average at 9:30 AM,https://www.cbsl.gov.lk/en/rates-and-indicators/exchange-rates/daily-buy-and-sell-exchange-rates,"{""latest_group"": ""cbsl_fx"", ""rate_family"": ""telegraphic_transfer""}"
cbsl,eur_lkr_tt_sell,EUR/LKR TT Sell Exchange Rate,exchange_rate,2026-05-14,,2026-05-20T09:34:34.482481+00:00,388.1278,LKR per EUR,business_daily,EUR,Sri Lanka licensed bank TT average at 9:30 AM,https://www.cbsl.gov.lk/en/rates-and-indicators/exchange-rates/daily-buy-and-sell-exchange-rates,"{""latest_group"": ""cbsl_fx"", ""rate_family"": ""telegraphic_transfer""}"
cbsl,eur_lkr_tt_sell,EUR/LKR TT Sell Exchange Rate,exchange_rate,2026-05-15,,2026-05-20T09:34:34.482481+00:00,387.4947,LKR per EUR,business_daily,EUR,Sri Lanka licensed bank TT average at 9:30 AM,https://www.cbsl.gov.lk/en/rates-and-indicators/exchange-rates/daily-buy-and-sell-exchange-rates,"{""latest_group"": ""cbsl_fx"", ""rate_family"": ""telegraphic_transfer""}"
cbsl,eur_lkr_tt_sell,EUR/LKR TT Sell Exchange Rate,exchange_rate,2026-05-18,,2026-05-20T09:34:34.482481+00:00,390.1227,LKR per EUR,business_daily,EUR,Sri Lanka licensed bank TT average at 9:30 AM,https://www.cbsl.gov.lk/en/rates-and-indicators/exchange-rates/daily-buy-and-sell-exchange-rates,"{""latest_group"": ""cbsl_fx"", ""rate_family"": ""telegraphic_transfer""}"
cbsl,eur_lkr_tt_sell,EUR/LKR TT Sell Exchange Rate,exchange_rate,2026-05-19,,2026-05-20T09:34:34.482481+00:00,394.9684,LKR per EUR,business_daily,EUR,Sri Lanka licensed bank TT average at 9:30 AM,https://www.cbsl.gov.lk/en/rates-and-indicators/exchange-rates/daily-buy-and-sell-exchange-rates,"{""latest_group"": ""cbsl_fx"", ""rate_family"": ""telegraphic_transfer""}"
cbsl,eur_lkr_tt_sell,EUR/LKR TT Sell Exchange Rate,exchange_rate,2026-05-20,,2026-05-20T09:34:34.482481+00:00,398.6451,LKR per EUR,business_daily,EUR,Sri Lanka licensed bank TT average at 9:30 AM,https://www.cbsl.gov.lk/en/rates-and-indicators/exchange-rates/daily-buy-and-sell-exchange-rates,"{""latest_group"": ""cbsl_fx"", ""rate_family"": ""telegraphic_transfer""}"
